Index,Customer Id,Last Name,Company,Subscription Date
247,57Fb161EEb1C9Ea,Hogan,Massey-Hoffman,2020-05-27
267,7C8DA410a370aa8,Parrish,Carpenter PLC,2021-05-05
654,EF82a88b39ca3a8,Erickson,Drake Inc,2020-01-31
710,52725aC4cFE8EE5,Banks,Solomon-Cortez,2021-10-18
398,cdC6bBAaC9FbFEE,Norman,Mays-Benjamin,2021-01-23
25,C30B3E82E8D89cC,Cruz,Wiley Ltd,2020-02-07
82,fD7FbF8BA88Fff8,Harmon,Kidd-Stone,2020-09-01
280,57b374c72b5C7F5,Franklin,"Mclean, Robles and Orr",2022-01-15
746,FE61cAD2efceeAa,Carlson,Black Group,2020-11-13
329,7b7A3BaF1d132C2,Hodges,Fields-Frederick,2022-05-04
328,77D767dbb3f1477,Horn,Cisneros and Sons,2021-09-09
661,95F882c8ebf0cc3,Colon,"Greene, Mcconnell and Frye",2020-11-03
221,fCCC17cffd8347b,Johns,Burns-Jimenez,2020-11-20
324,c9Bb9740d8CEcAb,Bowman,Roman LLC,2022-04-16
643,aA2Cbda7aF7CF6c,Bryan,Kane Inc,2021-06-17
459,b8bcEF027CaB352,Mcknight,Morse Group,2022-04-08
700,Fc9d9497A53568a,Bowers,Richmond-Cardenas,2020-09-25
345,DbCE25a327a0b3F,Riggs,Best Ltd,2021-11-14
297,13ABe9a890afba0,Berg,Le-Banks,2020-11-02
759,7c5a7CeFA99bd34,Barber,Odom-Nolan,2021-04-21
727,6F3dE3F6dE0F8f0,Schroeder,Curry Inc,2021-08-07
199,7fB6124FC680839,Valenzuela,Rojas LLC,2020-04-13
21,dEb9310eec04a8D,Lam,Watts-Allison,2020-01-04
963,B8F7cfC1d62b18a,Salas,Downs and Sons,2021-11-23
72,43EB011d4A5af36,Vaughan,"Mooney, Reed and Ingram",2020-10-08
223,5fC5f9CCEF2DcA8,Ramsey,"Everett, Humphrey and Zhang",2021-07-27
480,e140badD88486b0,Pollard,Gilmore Ltd,2022-01-05
642,d4B4312AE1B0B64,Pennington,"Elliott, Combs and Mcpherson",2021-02-13
922,aA5c0F4dedefEf2,Glass,Weeks Ltd,2020-03-25
138,89c66c41c0D791d,Beasley,Chaney-Porter,2021-10-15
160,C45b1BE6266c8DA,Torres,Cook PLC,2021-08-31
431,7b3c3BB8302cFDe,Aguirre,Black-Pruitt,2021-09-12
946,3F268B8b63a7Ee1,Joyce,"Pham, Murphy and Watson",2022-03-15
968,abCf34aEAe47beD,Choi,Reese-Suarez,2020-05-13
692,AfBbac14dd9E5BD,Mccoy,"Mullins, Cohen and Atkins",2020-02-28
964,b24e1FB162012BE,English,Singleton-Soto,2020-04-09
887,3Fe2CbaE30bdF77,Gilmore,"Wright, Rogers and Chandler",2020-04-20
735,BAFdDdf03E7560e,Alvarez,Ho LLC,2022-02-07
570,6ea6dfAEe57f29E,Mclean,"Rasmussen, Pacheco and Mccann",2020-11-27
661,95F882c8ebf0cc3,Colon,"Greene, Mcconnell and Frye",2020-11-03
331,31f87aAa0c99Ef1,Hardy,Valentine-Murillo,2020-10-09
809,684befCF02AeFf7,Shannon,Gutierrez PLC,2021-06-23
690,36Bc0b09Fe542dC,Hawkins,Schwartz-Fernandez,2021-02-13
234,8F7ba1BA4fbCa78,Hill,"Hull, Knight and Kerr",2021-09-26
489,1C6Dfa0EfEd96A3,Reid,French-Norris,2021-01-16
890,DcEbb7E5B6CAcB6,Spencer,Gallegos-Eaton,2021-12-24
987,e9d6Dbc37c7FEca,Hurst,Reilly-Monroe,2020-01-05
380,386d8552b5Dc6a5,Owens,Bray-Nelson,2020-04-15
970,F2DB5BF7E37e69E,Jensen,"Villarreal, Waller and Kerr",2020-09-06
505,D2b1feDDA3BEBDF,Bridges,Lane and Sons,2021-09-07
856,D4Aa5659f26c836,Snow,"Cook, Lee and Maldonado",2020-03-11
755,079DE71dEE3AFFb,Reese,Walton-Greene,2021-04-09
24,c5CB6C5bFB91fdC,Benitez,Giles LLC,2022-02-28
57,9F0EbC3b678ad6B,Salinas,"Shelton, Robinson and Smith",2020-02-21
151,12B5834e77F67a6,Williams,Kelly PLC,2020-12-07
72,43EB011d4A5af36,Vaughan,"Mooney, Reed and Ingram",2020-10-08
921,241B20c8a30746b,Burnett,Acevedo-Drake,2021-12-30
914,8dB73bC702FeAbc,Savage,"Durham, Prince and Cantrell",2020-04-02
314,aC8125126392EF6,Moses,Henry LLC,2022-02-23
42,6fF3de1DDbeAaE9,Bautista,Lane Ltd,2020-11-01
86,8799Bb0d0eF9F7b,Choi,Bates LLC,2020-12-07
739,B8Fdde1a5d41fF3,Salas,"Cross, Kennedy and Bray",2020-11-16
926,F7DFD12cDbe29Ec,Franklin,Landry-Martin,2022-04-15
112,F03BC8cDe64cFCa,Bolton,Sutton-David,2020-04-27
897,fc326c8DcEC2EcD,Marshall,Molina-Love,2021-11-07
912,d0EDae6aC12133F,Osborne,Davidson-Collins,2020-07-16
139,E31833D3D9DbCDD,Savage,Armstrong-Contreras,2021-08-03
797,12b349ebc8c41Fa,Dodson,Fuller PLC,2022-03-30
838,7c71384AabBEd7a,French,"Macias, Dodson and Blackwell",2020-02-19
380,386d8552b5Dc6a5,Owens,Bray-Nelson,2020-04-15
492,acf26D1e0A5Facc,Bates,"Fox, Lara and Short",2020-05-30
458,2FdF7253F607D57,Blankenship,"Holmes, Warner and Barrett",2022-05-10
376,64f8dF266dAD25C,Mack,"Vaughn, Kelly and Meza",2021-11-10
547,dD82a433b8fbBFe,Baxter,Schneider and Sons,2021-08-11
75,6367E110ccF7c2B,Munoz,Flynn-Chapman,2021-07-08
481,14ec4E6B5a11fAa,Hines,"Kane, Roman and Osborne",2020-10-17
986,e847e7A59d5b79C,Horn,Wall Inc,2021-10-17
26,3d7bE19696ea8Ff,Galloway,Duffy Inc,2021-10-24
318,99CFEd2a16AFA1D,Cantu,Estes-Evans,2020-01-22
840,Accc1dd8fafEbfA,Sampson,Clark-Murray,2021-02-06
60,dFe34eAb8614AC0,Oconnell,"Mayo, Buchanan and Owen",2021-12-04
186,F58a977a2cE01E5,Meyers,Hanna-Ortiz,2021-11-19
935,C5a46C5E57D2a4F,Mills,"Hale, Elliott and Richard",2021-04-09
462,fEDfBd9AefCEE86,Choi,Montgomery Group,2020-02-25
156,747B4F80e0048C2,Yang,"Coffey, Watson and Wilkins",2021-12-10
608,42b9A4e192da5C6,Hayden,Jackson-Trujillo,2021-12-08
921,241B20c8a30746b,Burnett,Acevedo-Drake,2021-12-30
114,39a6DeEEbbeF8E6,Carney,Jensen-Crawford,2020-10-31
718,0EfcA43fbCdCDCC,Norman,"Bush, Knapp and Gaines",2021-11-08
983,cEb0837433A348b,Wang,Bentley and Sons,2020-06-01
455,CaC56Fa7fdB3cBB,Cross,"Delacruz, Hodge and Snow",2021-10-14
602,8f0a3ba91c1Eb43,Gross,Miles-Hodge,2022-02-10
557,fe4DAb8ead6b6a9,Wagner,"Hurley, Shepard and Harrell",2020-07-12
46,37a20bF88deF55D,Bradshaw,Tanner LLC,2022-03-05
254,5B789BA48f72Cd2,Gay,"Frey, Howard and Burns",2022-02-23
513,7E044bcbEedBB85,Rhodes,"Luna, Flowers and Beck",2022-01-07
761,e92cB5ed6CAADf7,Sweeney,Roth-Griffith,2021-06-08
512,3EBf95cB4fBa76F,Mack,Blackwell Group,2022-03-20
618,9385f009fFFA723,Velasquez,Casey-Krause,2021-02-22
67,ccD94BbaEDBBf9E,French,Becker-Mata,2021-03-27
